round,w3_update_norm,w3_clipped_norm,w3_grad_norm_before,w3_grad_norm_after,w2_update_norm,w2_clipped_norm,w2_grad_norm_before,w2_grad_norm_after,w1_update_norm,w1_clipped_norm,w1_grad_norm_before,w1_grad_norm_after,rejected_clients,scenario
1.0,0.4433149491961383,0.4433149491961383,0.4433149491961383,0.4433149491961383,0.3112195185688119,0.3112195185688119,0.3112195185688119,0.3112195185688119,0.2977929653213353,0.2977929653213353,0.2977929653213353,0.2977929653213353,w3,label_flip_defended
2.0,0.4505997948733488,0.4505997948733488,0.4505997948733488,0.4505997948733488,0.3506250651847384,0.3506250651847384,0.3506250651847384,0.3506250651847384,0.4074135037930966,0.4074135037930966,0.4074135037930966,0.4074135037930966,w3,label_flip_defended
3.0,0.4915071735542549,0.4915071735542549,0.4915071735542549,0.4915071735542549,0.2954781824398712,0.2954781824398712,0.2954781824398712,0.2954781824398712,0.3689060929446308,0.3689060929446308,0.3689060929446308,0.3689060929446308,w3,label_flip_defended
4.0,0.5095047337950412,0.5095047337950412,0.5095047337950412,0.5095047337950412,0.2289794998339769,0.2289794998339769,0.2289794998339769,0.2289794998339769,0.4380992676487935,0.4380992676487935,0.4380992676487935,0.4380992676487935,w3,label_flip_defended
5.0,0.5174880903135929,0.5174880903135929,0.5174880903135929,0.5174880903135929,0.1744915619167081,0.1744915619167081,0.1744915619167081,0.1744915619167081,0.2239861695138225,0.2239861695138225,0.2239861695138225,0.2239861695138225,w3,label_flip_defended
6.0,0.5495207546339311,0.5495207546339311,0.5495207546339311,0.5495207546339311,0.1609904903374796,0.1609904903374796,0.1609904903374796,0.1609904903374796,0.2212749180393543,0.2212749180393543,0.2212749180393543,0.2212749180393543,w3,label_flip_defended
7.0,0.5593603249441661,0.5593603249441661,0.5593603249441661,0.5593603249441661,0.1441261051587216,0.1441261051587216,0.1441261051587216,0.1441261051587216,0.1646259204223988,0.1646259204223988,0.1646259204223988,0.1646259204223988,w3,label_flip_defended
8.0,0.5669951370167796,0.5669951370167796,0.5669951370167796,0.5669951370167796,0.1295615845277327,0.1295615845277327,0.1295615845277327,0.1295615845277327,0.1099556312246268,0.1099556312246268,0.1099556312246268,0.1099556312246268,w3,label_flip_defended
9.0,0.5292965934724516,0.5292965934724516,0.5292965934724516,0.5292965934724516,0.1274051541619779,0.1274051541619779,0.1274051541619779,0.1274051541619779,0.1705765021592806,0.1705765021592806,0.1705765021592806,0.1705765021592806,w3,label_flip_defended
10.0,0.54649725538212,0.54649725538212,0.54649725538212,0.54649725538212,0.1014112552229003,0.1014112552229003,0.1014112552229003,0.1014112552229003,0.1751998558433448,0.1751998558433448,0.1751998558433448,0.1751998558433448,w3,label_flip_defended
11.0,0.5801708070329556,0.5801708070329556,0.5801708070329556,0.5801708070329556,0.1080695938960161,0.1080695938960161,0.1080695938960161,0.1080695938960161,0.1979690488189814,0.1979690488189814,0.1979690488189814,0.1979690488189814,w3,label_flip_defended
12.0,0.5581093001213292,0.5581093001213292,0.5581093001213292,0.5581093001213292,0.1062008780990571,0.1062008780990571,0.1062008780990571,0.1062008780990571,0.2036065299472277,0.2036065299472277,0.2036065299472277,0.2036065299472277,w3,label_flip_defended
13.0,0.553054231760989,0.553054231760989,0.553054231760989,0.553054231760989,0.1179638024738961,0.1179638024738961,0.1179638024738961,0.1179638024738961,0.1119080942203567,0.1119080942203567,0.1119080942203567,0.1119080942203567,w3,label_flip_defended
14.0,0.5619377399079611,0.5619377399079611,0.5619377399079611,0.5619377399079611,0.1044553052126164,0.1044553052126164,0.1044553052126164,0.1044553052126164,0.1343410687521768,0.1343410687521768,0.1343410687521768,0.1343410687521768,w3,label_flip_defended
15.0,0.5479622999257098,0.5479622999257098,0.5479622999257098,0.5479622999257098,0.1168780849910615,0.1168780849910615,0.1168780849910615,0.1168780849910615,0.1140622550083168,0.1140622550083168,0.1140622550083168,0.1140622550083168,w3,label_flip_defended
16.0,0.567737251968412,0.567737251968412,0.567737251968412,0.567737251968412,0.1112444669109332,0.1112444669109332,0.1112444669109332,0.1112444669109332,0.2199177355402132,0.2199177355402132,0.2199177355402132,0.2199177355402132,w3,label_flip_defended
17.0,0.5695481044070229,0.5695481044070229,0.5695481044070229,0.5695481044070229,0.0961644456470974,0.0961644456470974,0.0961644456470974,0.0961644456470974,0.1805042900661387,0.1805042900661387,0.1805042900661387,0.1805042900661387,w3,label_flip_defended
18.0,0.5802830228267445,0.5802830228267445,0.5802830228267445,0.5802830228267445,0.0883963677803361,0.0883963677803361,0.0883963677803361,0.0883963677803361,0.133717926981101,0.133717926981101,0.133717926981101,0.133717926981101,w3,label_flip_defended
19.0,0.5716728062764564,0.5716728062764564,0.5716728062764564,0.5716728062764564,0.0898264394998529,0.0898264394998529,0.0898264394998529,0.0898264394998529,0.1089952787290825,0.1089952787290825,0.1089952787290825,0.1089952787290825,w3,label_flip_defended
20.0,0.5915939184471416,0.5915939184471416,0.5915939184471416,0.5915939184471416,0.1055479278848785,0.1055479278848785,0.1055479278848785,0.1055479278848785,0.1901795651985066,0.1901795651985066,0.1901795651985066,0.1901795651985066,w3,label_flip_defended
1.0,0.4657155524920111,0.4657155524920111,0.4657155524920111,0.4657155524920111,0.3638231737153389,0.3638231737153389,0.3638231737153389,0.3638231737153389,0.3468148465021318,0.3468148465021318,0.3468148465021318,0.3468148465021318,,label_flip_no_defense
2.0,0.4667437854408293,0.4667437854408293,0.4667437854408293,0.4667437854408293,0.3438304622720658,0.3438304622720658,0.3438304622720658,0.3438304622720658,0.4285990540791289,0.4285990540791289,0.4285990540791289,0.4285990540791289,,label_flip_no_defense
3.0,0.4534014565531729,0.4534014565531729,0.4534014565531729,0.4534014565531729,0.2649047040141585,0.2649047040141585,0.2649047040141585,0.2649047040141585,0.3190010484630371,0.3190010484630371,0.3190010484630371,0.3190010484630371,,label_flip_no_defense
4.0,0.4602618842644549,0.4602618842644549,0.4602618842644549,0.4602618842644549,0.2183091626243927,0.2183091626243927,0.2183091626243927,0.2183091626243927,0.3886981025549508,0.3886981025549508,0.3886981025549508,0.3886981025549508,,label_flip_no_defense
5.0,0.4702171729674836,0.4702171729674836,0.4702171729674836,0.4702171729674836,0.1920684094632459,0.1920684094632459,0.1920684094632459,0.1920684094632459,0.2131931142039809,0.2131931142039809,0.2131931142039809,0.2131931142039809,,label_flip_no_defense
6.0,0.4874209722017443,0.4874209722017443,0.4874209722017443,0.4874209722017443,0.1832838715246287,0.1832838715246287,0.1832838715246287,0.1832838715246287,0.2084894782274222,0.2084894782274222,0.2084894782274222,0.2084894782274222,,label_flip_no_defense
7.0,0.4823514060626015,0.4823514060626015,0.4823514060626015,0.4823514060626015,0.170308182326979,0.170308182326979,0.170308182326979,0.170308182326979,0.1777752315805391,0.1777752315805391,0.1777752315805391,0.1777752315805391,,label_flip_no_defense
8.0,0.485827176489622,0.485827176489622,0.485827176489622,0.485827176489622,0.1578821138183588,0.1578821138183588,0.1578821138183588,0.1578821138183588,0.1198438581680048,0.1198438581680048,0.1198438581680048,0.1198438581680048,,label_flip_no_defense
9.0,0.4542094522921476,0.4542094522921476,0.4542094522921476,0.4542094522921476,0.1838992131810517,0.1838992131810517,0.1838992131810517,0.1838992131810517,0.142086999084732,0.142086999084732,0.142086999084732,0.142086999084732,,label_flip_no_defense
10.0,0.4660501133194953,0.4660501133194953,0.4660501133194953,0.4660501133194953,0.1616645427570538,0.1616645427570538,0.1616645427570538,0.1616645427570538,0.15572600717646,0.15572600717646,0.15572600717646,0.15572600717646,,label_flip_no_defense
11.0,0.4927109402378574,0.4927109402378574,0.4927109402378574,0.4927109402378574,0.1591658326566967,0.1591658326566967,0.1591658326566967,0.1591658326566967,0.1741557248903521,0.1741557248903521,0.1741557248903521,0.1741557248903521,,label_flip_no_defense
12.0,0.4788301174018425,0.4788301174018425,0.4788301174018425,0.4788301174018425,0.1605938522084362,0.1605938522084362,0.1605938522084362,0.1605938522084362,0.2026937795063889,0.2026937795063889,0.2026937795063889,0.2026937795063889,,label_flip_no_defense
13.0,0.4874994886224461,0.4874994886224461,0.4874994886224461,0.4874994886224461,0.1527646528657686,0.1527646528657686,0.1527646528657686,0.1527646528657686,0.1486351006114952,0.1486351006114952,0.1486351006114952,0.1486351006114952,,label_flip_no_defense
14.0,0.4932662782399807,0.4932662782399807,0.4932662782399807,0.4932662782399807,0.184660715652138,0.184660715652138,0.184660715652138,0.184660715652138,0.1471443575312939,0.1471443575312939,0.1471443575312939,0.1471443575312939,,label_flip_no_defense
15.0,0.4935099153851152,0.4935099153851152,0.4935099153851152,0.4935099153851152,0.149824743656596,0.149824743656596,0.149824743656596,0.149824743656596,0.1368082949618466,0.1368082949618466,0.1368082949618466,0.1368082949618466,,label_flip_no_defense
16.0,0.4981715775494811,0.4981715775494811,0.4981715775494811,0.4981715775494811,0.1510524059863643,0.1510524059863643,0.1510524059863643,0.1510524059863643,0.1667399606936273,0.1667399606936273,0.1667399606936273,0.1667399606936273,,label_flip_no_defense
17.0,0.494870927803309,0.494870927803309,0.494870927803309,0.494870927803309,0.1314202209248264,0.1314202209248264,0.1314202209248264,0.1314202209248264,0.187932236479126,0.187932236479126,0.187932236479126,0.187932236479126,,label_flip_no_defense
18.0,0.5155338076666613,0.5155338076666613,0.5155338076666613,0.5155338076666613,0.1559501266324548,0.1559501266324548,0.1559501266324548,0.1559501266324548,0.1084133945490418,0.1084133945490418,0.1084133945490418,0.1084133945490418,,label_flip_no_defense
19.0,0.4905153662289894,0.4905153662289894,0.4905153662289894,0.4905153662289894,0.1568113325577544,0.1568113325577544,0.1568113325577544,0.1568113325577544,0.1447616456239043,0.1447616456239043,0.1447616456239043,0.1447616456239043,,label_flip_no_defense
20.0,0.5002839094507464,0.5002839094507464,0.5002839094507464,0.5002839094507464,0.1768455026877864,0.1768455026877864,0.1768455026877864,0.1768455026877864,0.166105285443123,0.166105285443123,0.166105285443123,0.166105285443123,,label_flip_no_defense
1.0,0.3097510667533147,0.3097510667533147,0.3097510667533147,0.3097510667533147,0.3229119322286161,0.3229119322286161,0.3229119322286161,0.3229119322286161,0.3641042564659941,0.3641042564659941,0.3641042564659941,0.3641042564659941,,normal_fl
2.0,0.3391753727393423,0.3391753727393423,0.3391753727393423,0.3391753727393423,0.3722744279202912,0.3722744279202912,0.3722744279202912,0.3722744279202912,0.5219438221945625,0.5219438221945625,0.5219438221945625,0.5219438221945625,,normal_fl
3.0,0.2476019774274503,0.2476019774274503,0.2476019774274503,0.2476019774274503,0.2643913449032502,0.2643913449032502,0.2643913449032502,0.2643913449032502,0.3487050411725367,0.3487050411725367,0.3487050411725367,0.3487050411725367,,normal_fl
4.0,0.2231097037684758,0.2231097037684758,0.2231097037684758,0.2231097037684758,0.2135088173771681,0.2135088173771681,0.2135088173771681,0.2135088173771681,0.402341645892669,0.402341645892669,0.402341645892669,0.402341645892669,,normal_fl
5.0,0.2135817569611113,0.2135817569611113,0.2135817569611113,0.2135817569611113,0.1719232296466026,0.1719232296466026,0.1719232296466026,0.1719232296466026,0.2154859200559752,0.2154859200559752,0.2154859200559752,0.2154859200559752,,normal_fl
6.0,0.1590300980458934,0.1590300980458934,0.1590300980458934,0.1590300980458934,0.1618372920387294,0.1618372920387294,0.1618372920387294,0.1618372920387294,0.211036365351993,0.211036365351993,0.211036365351993,0.211036365351993,,normal_fl
7.0,0.1548820607430492,0.1548820607430492,0.1548820607430492,0.1548820607430492,0.1512805937138352,0.1512805937138352,0.1512805937138352,0.1512805937138352,0.1601573723079156,0.1601573723079156,0.1601573723079156,0.1601573723079156,,normal_fl
8.0,0.1456515543081955,0.1456515543081955,0.1456515543081955,0.1456515543081955,0.1313653919767644,0.1313653919767644,0.1313653919767644,0.1313653919767644,0.1111203280930198,0.1111203280930198,0.1111203280930198,0.1111203280930198,,normal_fl
9.0,0.1507441357039164,0.1507441357039164,0.1507441357039164,0.1507441357039164,0.1404317680597373,0.1404317680597373,0.1404317680597373,0.1404317680597373,0.1726136550425338,0.1726136550425338,0.1726136550425338,0.1726136550425338,,normal_fl
10.0,0.1280836669250039,0.1280836669250039,0.1280836669250039,0.1280836669250039,0.1118917367629176,0.1118917367629176,0.1118917367629176,0.1118917367629176,0.1763621454162393,0.1763621454162393,0.1763621454162393,0.1763621454162393,,normal_fl
11.0,0.1243935239073972,0.1243935239073972,0.1243935239073972,0.1243935239073972,0.1083596499528263,0.1083596499528263,0.1083596499528263,0.1083596499528263,0.211492822955377,0.211492822955377,0.211492822955377,0.211492822955377,,normal_fl
12.0,0.1327772904629914,0.1327772904629914,0.1327772904629914,0.1327772904629914,0.1086243973210522,0.1086243973210522,0.1086243973210522,0.1086243973210522,0.1988082517948314,0.1988082517948314,0.1988082517948314,0.1988082517948314,,normal_fl
13.0,0.1110531082839399,0.1110531082839399,0.1110531082839399,0.1110531082839399,0.1257312033881245,0.1257312033881245,0.1257312033881245,0.1257312033881245,0.1120347095032503,0.1120347095032503,0.1120347095032503,0.1120347095032503,,normal_fl
14.0,0.1260226282947125,0.1260226282947125,0.1260226282947125,0.1260226282947125,0.1191785705048946,0.1191785705048946,0.1191785705048946,0.1191785705048946,0.1387616776774857,0.1387616776774857,0.1387616776774857,0.1387616776774857,,normal_fl
15.0,0.1044653083363777,0.1044653083363777,0.1044653083363777,0.1044653083363777,0.1234991009860826,0.1234991009860826,0.1234991009860826,0.1234991009860826,0.113805218858173,0.113805218858173,0.113805218858173,0.113805218858173,,normal_fl
16.0,0.1057170978308016,0.1057170978308016,0.1057170978308016,0.1057170978308016,0.1165560633380124,0.1165560633380124,0.1165560633380124,0.1165560633380124,0.2120234167736505,0.2120234167736505,0.2120234167736505,0.2120234167736505,,normal_fl
17.0,0.1239210922452848,0.1239210922452848,0.1239210922452848,0.1239210922452848,0.0973989189562712,0.0973989189562712,0.0973989189562712,0.0973989189562712,0.1827247399810867,0.1827247399810867,0.1827247399810867,0.1827247399810867,,normal_fl
18.0,0.1167490486300873,0.1167490486300873,0.1167490486300873,0.1167490486300873,0.0874462164087711,0.0874462164087711,0.0874462164087711,0.0874462164087711,0.1506794163142782,0.1506794163142782,0.1506794163142782,0.1506794163142782,,normal_fl
19.0,0.121236480534944,0.121236480534944,0.121236480534944,0.121236480534944,0.0935468229929617,0.0935468229929617,0.0935468229929617,0.0935468229929617,0.1097637212832568,0.1097637212832568,0.1097637212832568,0.1097637212832568,,normal_fl
20.0,0.1211488071545969,0.1211488071545969,0.1211488071545969,0.1211488071545969,0.1084519319705016,0.1084519319705016,0.1084519319705016,0.1084519319705016,0.2099302091956519,0.2099302091956519,0.2099302091956519,0.2099302091956519,,normal_fl
1.0,1.6293275503281222,1.000000059604643,1.6293275503281222,1.000000059604643,0.3786980656781946,0.3786980656781946,0.3786980656781946,0.3786980656781946,0.5235173748051443,0.5235173748051443,0.5235173748051443,0.5235173748051443,w3,scale_defended
2.0,1.470324017827226,1.0,1.470324017827226,1.0,0.3327623620570734,0.3327623620570734,0.3327623620570734,0.3327623620570734,0.4960272286338069,0.4960272286338069,0.4960272286338069,0.4960272286338069,w3,scale_defended
3.0,1.138483113629806,1.000000029802322,1.138483113629806,1.000000029802322,0.2362467255188814,0.2362467255188814,0.2362467255188814,0.2362467255188814,0.3190368219722853,0.3190368219722853,0.3190368219722853,0.3190368219722853,w3,scale_defended
4.0,1.0243014845614524,0.9999999850988388,1.0243014845614524,0.9999999850988388,0.1936369286238778,0.1936369286238778,0.1936369286238778,0.1936369286238778,0.3766601244031612,0.3766601244031612,0.3766601244031612,0.3766601244031612,w3,scale_defended
5.0,1.0289281803652808,1.0000000149011612,1.0289281803652808,1.0000000149011612,0.1548963893168727,0.1548963893168727,0.1548963893168727,0.1548963893168727,0.1983233788256814,0.1983233788256814,0.1983233788256814,0.1983233788256814,w3,scale_defended
6.0,0.8073825057000211,0.8073825057000211,0.8073825057000211,0.8073825057000211,0.1474286321911831,0.1474286321911831,0.1474286321911831,0.1474286321911831,0.2088286051047158,0.2088286051047158,0.2088286051047158,0.2088286051047158,w3,scale_defended
7.0,0.7896543775736525,0.7896543775736525,0.7896543775736525,0.7896543775736525,0.1312022024212858,0.1312022024212858,0.1312022024212858,0.1312022024212858,0.1580328584349287,0.1580328584349287,0.1580328584349287,0.1580328584349287,w3,scale_defended
8.0,0.7540588520940386,0.7540588520940386,0.7540588520940386,0.7540588520940386,0.1262111484962076,0.1262111484962076,0.1262111484962076,0.1262111484962076,0.1041656085546714,0.1041656085546714,0.1041656085546714,0.1041656085546714,w3,scale_defended
9.0,0.8109665393223725,0.8109665393223725,0.8109665393223725,0.8109665393223725,0.124175890390206,0.124175890390206,0.124175890390206,0.124175890390206,0.1645312226894098,0.1645312226894098,0.1645312226894098,0.1645312226894098,w3,scale_defended
10.0,0.6765991041355632,0.6765991041355632,0.6765991041355632,0.6765991041355632,0.0972329370597534,0.0972329370597534,0.0972329370597534,0.0972329370597534,0.17048125437077,0.17048125437077,0.17048125437077,0.17048125437077,w3,scale_defended
11.0,0.6608998763082673,0.6608998763082673,0.6608998763082673,0.6608998763082673,0.1069545284446314,0.1069545284446314,0.1069545284446314,0.1069545284446314,0.1952435347868644,0.1952435347868644,0.1952435347868644,0.1952435347868644,w3,scale_defended
12.0,0.7176140244889598,0.7176140244889598,0.7176140244889598,0.7176140244889598,0.1062351810875452,0.1062351810875452,0.1062351810875452,0.1062351810875452,0.2017047407913117,0.2017047407913117,0.2017047407913117,0.2017047407913117,w3,scale_defended
13.0,0.6142519357761005,0.6142519357761005,0.6142519357761005,0.6142519357761005,0.1161331770095981,0.1161331770095981,0.1161331770095981,0.1161331770095981,0.1104042868283096,0.1104042868283096,0.1104042868283096,0.1104042868283096,w3,scale_defended
14.0,0.7009888626566897,0.7009888626566897,0.7009888626566897,0.7009888626566897,0.1016319649439103,0.1016319649439103,0.1016319649439103,0.1016319649439103,0.1318258105026571,0.1318258105026571,0.1318258105026571,0.1318258105026571,w3,scale_defended
15.0,0.5728415505626112,0.5728415505626112,0.5728415505626112,0.5728415505626112,0.1174030781930914,0.1174030781930914,0.1174030781930914,0.1174030781930914,0.1129442476177657,0.1129442476177657,0.1129442476177657,0.1129442476177657,w3,scale_defended
16.0,0.5888354050107933,0.5888354050107933,0.5888354050107933,0.5888354050107933,0.1118752344517837,0.1118752344517837,0.1118752344517837,0.1118752344517837,0.2203478865916188,0.2203478865916188,0.2203478865916188,0.2203478865916188,w3,scale_defended
17.0,0.6804527092002005,0.6804527092002005,0.6804527092002005,0.6804527092002005,0.0968411207254243,0.0968411207254243,0.0968411207254243,0.0968411207254243,0.1787599173375611,0.1787599173375611,0.1787599173375611,0.1787599173375611,w3,scale_defended
18.0,0.6593200913989482,0.6593200913989482,0.6593200913989482,0.6593200913989482,0.0882932869143372,0.0882932869143372,0.0882932869143372,0.0882932869143372,0.1323178771917022,0.1323178771917022,0.1323178771917022,0.1323178771917022,w3,scale_defended
19.0,0.6902410399207458,0.6902410399207458,0.6902410399207458,0.6902410399207458,0.0896435022359167,0.0896435022359167,0.0896435022359167,0.0896435022359167,0.1078865901536457,0.1078865901536457,0.1078865901536457,0.1078865901536457,w3,scale_defended
20.0,0.6637691583565027,0.6637691583565027,0.6637691583565027,0.6637691583565027,0.1055973479993643,0.1055973479993643,0.1055973479993643,0.1055973479993643,0.1871562578481869,0.1871562578481869,0.1871562578481869,0.1871562578481869,w3,scale_defended
1.0,1.6107862266458468,1.6107862266458468,1.6107862266458468,1.6107862266458468,0.3661532496474038,0.3661532496474038,0.3661532496474038,0.3661532496474038,0.4369164730682516,0.4369164730682516,0.4369164730682516,0.4369164730682516,,scale_no_defense
2.0,1.3981951071939922,1.3981951071939922,1.3981951071939922,1.3981951071939922,0.3016925142370177,0.3016925142370177,0.3016925142370177,0.3016925142370177,0.4760931314477511,0.4760931314477511,0.4760931314477511,0.4760931314477511,,scale_no_defense
3.0,0.9879870146354632,0.9879870146354632,0.9879870146354632,0.9879870146354632,0.2005051471511501,0.2005051471511501,0.2005051471511501,0.2005051471511501,0.2946500536062502,0.2946500536062502,0.2946500536062502,0.2946500536062502,,scale_no_defense
4.0,0.8295975763904674,0.8295975763904674,0.8295975763904674,0.8295975763904674,0.1522575281142392,0.1522575281142392,0.1522575281142392,0.1522575281142392,0.3482266151425273,0.3482266151425273,0.3482266151425273,0.3482266151425273,,scale_no_defense
5.0,0.7804378866178072,0.7804378866178072,0.7804378866178072,0.7804378866178072,0.1310404442894157,0.1310404442894157,0.1310404442894157,0.1310404442894157,0.1849144799720422,0.1849144799720422,0.1849144799720422,0.1849144799720422,,scale_no_defense
6.0,0.5030030280405063,0.5030030280405063,0.5030030280405063,0.5030030280405063,0.1307413481684545,0.1307413481684545,0.1307413481684545,0.1307413481684545,0.2252890462083304,0.2252890462083304,0.2252890462083304,0.2252890462083304,,scale_no_defense
7.0,0.56627629861119,0.56627629861119,0.56627629861119,0.56627629861119,0.1315974055636053,0.1315974055636053,0.1315974055636053,0.1315974055636053,0.1471469960396536,0.1471469960396536,0.1471469960396536,0.1471469960396536,,scale_no_defense
8.0,0.5500782443602987,0.5500782443602987,0.5500782443602987,0.5500782443602987,0.1196864264739032,0.1196864264739032,0.1196864264739032,0.1196864264739032,0.1025930081107406,0.1025930081107406,0.1025930081107406,0.1025930081107406,,scale_no_defense
9.0,0.4823214777829778,0.4823214777829778,0.4823214777829778,0.4823214777829778,0.1621012154214688,0.1621012154214688,0.1621012154214688,0.1621012154214688,0.1964959245476319,0.1964959245476319,0.1964959245476319,0.1964959245476319,,scale_no_defense
10.0,0.4503749666858495,0.4503749666858495,0.4503749666858495,0.4503749666858495,0.1181322426355864,0.1181322426355864,0.1181322426355864,0.1181322426355864,0.2058530200288604,0.2058530200288604,0.2058530200288604,0.2058530200288604,,scale_no_defense
11.0,0.4508871226463712,0.4508871226463712,0.4508871226463712,0.4508871226463712,0.1069114335972536,0.1069114335972536,0.1069114335972536,0.1069114335972536,0.2797701966445609,0.2797701966445609,0.2797701966445609,0.2797701966445609,,scale_no_defense
12.0,0.497457941448414,0.497457941448414,0.497457941448414,0.497457941448414,0.1138826244289769,0.1138826244289769,0.1138826244289769,0.1138826244289769,0.2341918269264933,0.2341918269264933,0.2341918269264933,0.2341918269264933,,scale_no_defense
13.0,0.3812276062681303,0.3812276062681303,0.3812276062681303,0.3812276062681303,0.1588962333446988,0.1588962333446988,0.1588962333446988,0.1588962333446988,0.1394844743208661,0.1394844743208661,0.1394844743208661,0.1394844743208661,,scale_no_defense
14.0,0.4792519698116656,0.4792519698116656,0.4792519698116656,0.4792519698116656,0.1392370011828246,0.1392370011828246,0.1392370011828246,0.1392370011828246,0.1638332991176361,0.1638332991176361,0.1638332991176361,0.1638332991176361,,scale_no_defense
15.0,0.3883960561882222,0.3883960561882222,0.3883960561882222,0.3883960561882222,0.1339535155487286,0.1339535155487286,0.1339535155487286,0.1339535155487286,0.1535690159870293,0.1535690159870293,0.1535690159870293,0.1535690159870293,,scale_no_defense
16.0,0.3615287648987808,0.3615287648987808,0.3615287648987808,0.3615287648987808,0.1230268621774036,0.1230268621774036,0.1230268621774036,0.1230268621774036,0.2661028343739899,0.2661028343739899,0.2661028343739899,0.2661028343739899,,scale_no_defense
17.0,0.5002663308635416,0.5002663308635416,0.5002663308635416,0.5002663308635416,0.1004939058276781,0.1004939058276781,0.1004939058276781,0.1004939058276781,0.2311831651581841,0.2311831651581841,0.2311831651581841,0.2311831651581841,,scale_no_defense
18.0,0.4245142130290881,0.4245142130290881,0.4245142130290881,0.4245142130290881,0.0941582909690403,0.0941582909690403,0.0941582909690403,0.0941582909690403,0.2108998794916169,0.2108998794916169,0.2108998794916169,0.2108998794916169,,scale_no_defense
19.0,0.4277993135495974,0.4277993135495974,0.4277993135495974,0.4277993135495974,0.1062621336295254,0.1062621336295254,0.1062621336295254,0.1062621336295254,0.1391774283950331,0.1391774283950331,0.1391774283950331,0.1391774283950331,,scale_no_defense
20.0,0.4576749457521113,0.4576749457521113,0.4576749457521113,0.4576749457521113,0.1127449245279005,0.1127449245279005,0.1127449245279005,0.1127449245279005,0.3109867411589908,0.3109867411589908,0.3109867411589908,0.3109867411589908,,scale_no_defense
1.0,1.3059973166614909,1.0000000447034827,1.3059973166614909,1.0000000447034827,0.2944651597848706,0.2944651597848706,0.2944651597848706,0.2944651597848706,0.3783953653783638,0.3783953653783638,0.3783953653783638,0.3783953653783638,w3,sign_flip_defended
2.0,1.541445557314976,1.0000000447034827,1.541445557314976,1.0000000447034827,0.3241441307604634,0.3241441307604634,0.3241441307604634,0.3241441307604634,0.4264179945628668,0.4264179945628668,0.4264179945628668,0.4264179945628668,w3,sign_flip_defended
3.0,1.2307931381606452,0.9999999850988388,1.2307931381606452,0.9999999850988388,0.2681903760909612,0.2681903760909612,0.2681903760909612,0.2681903760909612,0.3337397348641576,0.3337397348641576,0.3337397348641576,0.3337397348641576,w3,sign_flip_defended
4.0,1.1764339777039474,0.9999999850988388,1.1764339777039474,0.9999999850988388,0.2189765846589681,0.2189765846589681,0.2189765846589681,0.2189765846589681,0.3949429705425508,0.3949429705425508,0.3949429705425508,0.3949429705425508,w3,sign_flip_defended
5.0,1.119145977546714,1.0000000447034827,1.119145977546714,1.0000000447034827,0.1793851122099208,0.1793851122099208,0.1793851122099208,0.1793851122099208,0.224862569653596,0.224862569653596,0.224862569653596,0.224862569653596,w3,sign_flip_defended
6.0,0.8919346031744427,0.8919346031744427,0.8919346031744427,0.8919346031744427,0.1631729698946224,0.1631729698946224,0.1631729698946224,0.1631729698946224,0.2109038096473398,0.2109038096473398,0.2109038096473398,0.2109038096473398,w3,sign_flip_defended
7.0,0.8472708428003685,0.8472708428003685,0.8472708428003685,0.8472708428003685,0.1472541546591686,0.1472541546591686,0.1472541546591686,0.1472541546591686,0.1659252257216681,0.1659252257216681,0.1659252257216681,0.1659252257216681,w3,sign_flip_defended
8.0,0.794334883791185,0.794334883791185,0.794334883791185,0.794334883791185,0.1324126257943676,0.1324126257943676,0.1324126257943676,0.1324126257943676,0.1135777260524971,0.1135777260524971,0.1135777260524971,0.1135777260524971,w3,sign_flip_defended
9.0,0.8462528706111707,0.8462528706111707,0.8462528706111707,0.8462528706111707,0.1312131299161913,0.1312131299161913,0.1312131299161913,0.1312131299161913,0.1715863144263438,0.1715863144263438,0.1715863144263438,0.1715863144263438,w3,sign_flip_defended
10.0,0.6986354227419863,0.6986354227419863,0.6986354227419863,0.6986354227419863,0.1041858608224743,0.1041858608224743,0.1041858608224743,0.1041858608224743,0.1764452262069156,0.1764452262069156,0.1764452262069156,0.1764452262069156,w3,sign_flip_defended
11.0,0.6786667349712832,0.6786667349712832,0.6786667349712832,0.6786667349712832,0.1103323417567365,0.1103323417567365,0.1103323417567365,0.1103323417567365,0.1961478702931851,0.1961478702931851,0.1961478702931851,0.1961478702931851,w3,sign_flip_defended
12.0,0.7348060015282926,0.7348060015282926,0.7348060015282926,0.7348060015282926,0.1078349127312791,0.1078349127312791,0.1078349127312791,0.1078349127312791,0.2055429051029273,0.2055429051029273,0.2055429051029273,0.2055429051029273,w3,sign_flip_defended
13.0,0.6272107557581085,0.6272107557581085,0.6272107557581085,0.6272107557581085,0.1191871954623213,0.1191871954623213,0.1191871954623213,0.1191871954623213,0.1131018088869622,0.1131018088869622,0.1131018088869622,0.1131018088869622,w3,sign_flip_defended
14.0,0.703960998567413,0.703960998567413,0.703960998567413,0.703960998567413,0.1047318775502973,0.1047318775502973,0.1047318775502973,0.1047318775502973,0.1353364479135913,0.1353364479135913,0.1353364479135913,0.1353364479135913,w3,sign_flip_defended
15.0,0.57770526556662,0.57770526556662,0.57770526556662,0.57770526556662,0.1170281972164873,0.1170281972164873,0.1170281972164873,0.1170281972164873,0.1128093627063503,0.1128093627063503,0.1128093627063503,0.1128093627063503,w3,sign_flip_defended
16.0,0.5957565440005799,0.5957565440005799,0.5957565440005799,0.5957565440005799,0.1117782459984158,0.1117782459984158,0.1117782459984158,0.1117782459984158,0.2210308190951953,0.2210308190951953,0.2210308190951953,0.2210308190951953,w3,sign_flip_defended
17.0,0.678627100105721,0.678627100105721,0.678627100105721,0.678627100105721,0.0967936344785092,0.0967936344785092,0.0967936344785092,0.0967936344785092,0.1806340579299357,0.1806340579299357,0.1806340579299357,0.1806340579299357,w3,sign_flip_defended
18.0,0.6608434247873224,0.6608434247873224,0.6608434247873224,0.6608434247873224,0.0882548152921785,0.0882548152921785,0.0882548152921785,0.0882548152921785,0.1335095353464883,0.1335095353464883,0.1335095353464883,0.1335095353464883,w3,sign_flip_defended
19.0,0.6914002049849957,0.6914002049849957,0.6914002049849957,0.6914002049849957,0.089772571351188,0.089772571351188,0.089772571351188,0.089772571351188,0.1095965156060739,0.1095965156060739,0.1095965156060739,0.1095965156060739,w3,sign_flip_defended
20.0,0.6636639702140524,0.6636639702140524,0.6636639702140524,0.6636639702140524,0.1056993553400536,0.1056993553400536,0.1056993553400536,0.1056993553400536,0.1883345177393955,0.1883345177393955,0.1883345177393955,0.1883345177393955,w3,sign_flip_defended
1.0,1.5441439379281132,1.5441439379281132,1.5441439379281132,1.5441439379281132,0.3347889014685629,0.3347889014685629,0.3347889014685629,0.3347889014685629,0.3015277117570193,0.3015277117570193,0.3015277117570193,0.3015277117570193,,sign_flip_no_defense
2.0,1.8619298669011648,1.8619298669011648,1.8619298669011648,1.8619298669011648,0.364396401238887,0.364396401238887,0.364396401238887,0.364396401238887,0.3403879881424099,0.3403879881424099,0.3403879881424099,0.3403879881424099,,sign_flip_no_defense
3.0,2.1395645734542765,2.1395645734542765,2.1395645734542765,2.1395645734542765,0.4221007837878851,0.4221007837878851,0.4221007837878851,0.4221007837878851,0.4031320601892078,0.4031320601892078,0.4031320601892078,0.4031320601892078,,sign_flip_no_defense
4.0,2.4387424447784825,2.4387424447784825,2.4387424447784825,2.4387424447784825,0.5032697625027595,0.5032697625027595,0.5032697625027595,0.5032697625027595,0.38827122772741,0.38827122772741,0.38827122772741,0.38827122772741,,sign_flip_no_defense
5.0,2.651412499815129,2.651412499815129,2.651412499815129,2.651412499815129,0.5447771455299372,0.5447771455299372,0.5447771455299372,0.5447771455299372,0.4058627924830318,0.4058627924830318,0.4058627924830318,0.4058627924830318,,sign_flip_no_defense
6.0,2.991993536775475,2.991993536775475,2.991993536775475,2.991993536775475,0.4931133050575819,0.4931133050575819,0.4931133050575819,0.4931133050575819,0.4796903199903558,0.4796903199903558,0.4796903199903558,0.4796903199903558,,sign_flip_no_defense
7.0,2.926382372313332,2.926382372313332,2.926382372313332,2.926382372313332,0.6141032250321615,0.6141032250321615,0.6141032250321615,0.6141032250321615,0.4327642395922245,0.4327642395922245,0.4327642395922245,0.4327642395922245,,sign_flip_no_defense
8.0,3.0178125037368786,3.0178125037368786,3.0178125037368786,3.0178125037368786,0.5858190822149622,0.5858190822149622,0.5858190822149622,0.5858190822149622,0.5481881728470172,0.5481881728470172,0.5481881728470172,0.5481881728470172,,sign_flip_no_defense
9.0,2.554596254778265,2.554596254778265,2.554596254778265,2.554596254778265,0.6703669102744977,0.6703669102744977,0.6703669102744977,0.6703669102744977,0.4591455247713976,0.4591455247713976,0.4591455247713976,0.4591455247713976,,sign_flip_no_defense
10.0,2.699790082603767,2.699790082603767,2.699790082603767,2.699790082603767,0.6148457071498563,0.6148457071498563,0.6148457071498563,0.6148457071498563,0.6180188281852917,0.6180188281852917,0.6180188281852917,0.6180188281852917,,sign_flip_no_defense
11.0,2.9622781833467293,2.9622781833467293,2.9622781833467293,2.9622781833467293,0.5627757520754495,0.5627757520754495,0.5627757520754495,0.5627757520754495,0.5380186097874666,0.5380186097874666,0.5380186097874666,0.5380186097874666,,sign_flip_no_defense
12.0,2.718322692921799,2.718322692921799,2.718322692921799,2.718322692921799,0.549234456201302,0.549234456201302,0.549234456201302,0.549234456201302,0.5909053268429441,0.5909053268429441,0.5909053268429441,0.5909053268429441,,sign_flip_no_defense
13.0,2.735803051384053,2.735803051384053,2.735803051384053,2.735803051384053,0.6088586615711148,0.6088586615711148,0.6088586615711148,0.6088586615711148,0.446477333815982,0.446477333815982,0.446477333815982,0.446477333815982,,sign_flip_no_defense
14.0,2.7836324795607013,2.7836324795607013,2.7836324795607013,2.7836324795607013,0.6262847376871403,0.6262847376871403,0.6262847376871403,0.6262847376871403,0.3695225820976471,0.3695225820976471,0.3695225820976471,0.3695225820976471,,sign_flip_no_defense
15.0,2.637432646004387,2.637432646004387,2.637432646004387,2.637432646004387,0.5922505768810469,0.5922505768810469,0.5922505768810469,0.5922505768810469,0.477877532767721,0.477877532767721,0.477877532767721,0.477877532767721,,sign_flip_no_defense
16.0,2.756510167699246,2.756510167699246,2.756510167699246,2.756510167699246,0.5693089084523473,0.5693089084523473,0.5693089084523473,0.5693089084523473,0.4978322412783063,0.4978322412783063,0.4978322412783063,0.4978322412783063,,sign_flip_no_defense
17.0,3.0205554187573807,3.0205554187573807,3.0205554187573807,3.0205554187573807,0.5814312203736667,0.5814312203736667,0.5814312203736667,0.5814312203736667,0.5109206999085947,0.5109206999085947,0.5109206999085947,0.5109206999085947,,sign_flip_no_defense
18.0,2.813728943521013,2.813728943521013,2.813728943521013,2.813728943521013,0.5952923413678285,0.5952923413678285,0.5952923413678285,0.5952923413678285,0.5289842298725733,0.5289842298725733,0.5289842298725733,0.5289842298725733,,sign_flip_no_defense
19.0,2.829876831351668,2.829876831351668,2.829876831351668,2.829876831351668,0.627419279131378,0.627419279131378,0.627419279131378,0.627419279131378,0.517530851634433,0.517530851634433,0.517530851634433,0.517530851634433,,sign_flip_no_defense
20.0,2.918390404443471,2.918390404443471,2.918390404443471,2.918390404443471,0.5150314738799879,0.5150314738799879,0.5150314738799879,0.5150314738799879,0.4771475200901901,0.4771475200901901,0.4771475200901901,0.4771475200901901,,sign_flip_no_defense
