round,w1_update_norm,w1_clipped_norm,w1_grad_norm_before,w1_grad_norm_after,w3_update_norm,w3_clipped_norm,w3_grad_norm_before,w3_grad_norm_after,w2_update_norm,w2_clipped_norm,w2_grad_norm_before,w2_grad_norm_after,rejected_clients,scenario
1.0,1.2987603522689362,0.9999999994179234,1.2987603522689362,0.9999999994179234,2.611884790703072,1.0000000566942602,2.611884790703072,1.0000000566942602,0.6545429326863158,0.6545429326863158,0.6545429326863158,0.6545429326863158,w1,label_flip_defended
2.0,1.262672837891562,1.000000016763806,1.262672837891562,1.000000016763806,2.55659282791186,1.0000000159488989,2.55659282791186,1.0000000159488989,0.5282694158346979,0.5282694158346979,0.5282694158346979,0.5282694158346979,w3,label_flip_defended
3.0,1.402312750095159,1.0000000206055115,1.402312750095159,1.0000000206055115,2.6018110928314364,1.0000000157160682,2.6018110928314364,1.0000000157160682,0.5399812001583227,0.5399812001583227,0.5399812001583227,0.5399812001583227,w1,label_flip_defended
4.0,1.45143682691125,1.000000009080395,1.45143682691125,1.000000009080395,2.5552807875097967,0.9999999620486044,2.5552807875097967,0.9999999620486044,0.5583501406301382,0.5583501406301382,0.5583501406301382,0.5583501406301382,w2,label_flip_defended
5.0,1.2728089283441866,1.0000000353902572,1.2728089283441866,1.0000000353902572,2.51907563525716,1.0000000053551048,2.51907563525716,1.0000000053551048,0.6369721626551427,0.6369721626551427,0.6369721626551427,0.6369721626551427,w3,label_flip_defended
6.0,1.228991001930585,0.9999999795691108,1.228991001930585,0.9999999795691108,2.5909169873182587,1.0000000362051644,2.5909169873182587,1.0000000362051644,0.4984140183558957,0.4984140183558957,0.4984140183558957,0.4984140183558957,w1,label_flip_defended
7.0,1.1543228687870914,0.9999999799765644,1.1543228687870914,0.9999999799765644,2.552363982104379,1.0000000331783665,2.552363982104379,1.0000000331783665,0.5224549039153619,0.5224549039153619,0.5224549039153619,0.5224549039153619,w3,label_flip_defended
8.0,1.2669228478638936,1.0000000168511176,1.2669228478638936,1.0000000168511176,2.606307870078876,0.999999984167516,2.606307870078876,0.999999984167516,0.5115459701334354,0.5115459701334354,0.5115459701334354,0.5115459701334354,w1,label_flip_defended
9.0,1.2852640498091248,1.00000002910383,1.2852640498091248,1.00000002910383,2.5764676582932085,0.9999999442370592,2.5764676582932085,0.9999999442370592,0.5510051704148087,0.5510051704148087,0.5510051704148087,0.5510051704148087,w1,label_flip_defended
10.0,1.294900919887096,0.999999984167516,1.294900919887096,0.999999984167516,2.535021275040973,0.999999967287294,2.535021275040973,0.999999967287294,0.5372461560954104,0.5372461560954104,0.5372461560954104,0.5372461560954104,w3,label_flip_defended
11.0,1.3466819043241516,1.0000000309664752,1.3466819043241516,1.0000000309664752,2.597354387727851,0.9999999781139192,2.597354387727851,0.9999999781139192,0.5132073258312455,0.5132073258312455,0.5132073258312455,0.5132073258312455,w1,label_flip_defended
12.0,1.2718131241726105,0.9999999494757492,1.2718131241726105,0.9999999494757492,2.551873765056277,1.0000000275904308,2.551873765056277,1.0000000275904308,0.5185410404385137,0.5185410404385137,0.5185410404385137,0.5185410404385137,w1,label_flip_defended
13.0,1.3815216306835891,1.0000000940635756,1.3815216306835891,1.0000000940635756,2.527636250560457,1.0000000187428666,2.527636250560457,1.0000000187428666,0.4906135020153988,0.4906135020153988,0.4906135020153988,0.4906135020153988,w3,label_flip_defended
14.0,1.3675597391708187,1.0000000117579475,1.3675597391708187,1.0000000117579475,2.595038988501774,0.9999999913852662,2.595038988501774,0.9999999913852662,0.4933550795204266,0.4933550795204266,0.4933550795204266,0.4933550795204266,w1,label_flip_defended
15.0,1.297364459254398,1.000000009080395,1.297364459254398,1.000000009080395,2.5499311519513537,1.000000010477379,2.5499311519513537,1.000000010477379,0.4375919459361342,0.4375919459361342,0.4375919459361342,0.4375919459361342,w1,label_flip_defended
16.0,1.2778048875029908,1.0000000619329492,1.2778048875029908,1.0000000619329492,2.536700642708809,0.9999999540159468,2.536700642708809,0.9999999540159468,0.5140606348241576,0.5140606348241576,0.5140606348241576,0.5140606348241576,w3,label_flip_defended
17.0,1.3895085949512311,1.0000000295694913,1.3895085949512311,1.0000000295694913,2.5781856497219766,1.0000000034924597,2.5781856497219766,1.0000000034924597,0.5390035352558074,0.5390035352558074,0.5390035352558074,0.5390035352558074,w1,label_flip_defended
18.0,1.3343227594007905,1.0000000002328306,1.3343227594007905,1.0000000002328306,2.5633852504634422,0.9999999775318428,2.5633852504634422,0.9999999775318428,0.506126389490325,0.506126389490325,0.506126389490325,0.506126389490325,w1,label_flip_defended
19.0,1.3883812700213785,1.000000015599653,1.3883812700213785,1.000000015599653,2.5314738805980874,0.999999994179234,2.5314738805980874,0.999999994179234,0.4801261279191089,0.4801261279191089,0.4801261279191089,0.4801261279191089,w3,label_flip_defended
20.0,1.3922131471072383,0.999999993131496,1.3922131471072383,0.999999993131496,2.5842681618641867,1.0000000277068462,2.5842681618641867,1.0000000277068462,0.5095203149002538,0.5095203149002538,0.5095203149002538,0.5095203149002538,w1,label_flip_defended
1.0,1.3608145600246682,1.3608145600246682,1.3608145600246682,1.3608145600246682,2.611884790703072,2.611884790703072,2.611884790703072,2.611884790703072,0.6297003469922515,0.6297003469922515,0.6297003469922515,0.6297003469922515,,label_flip_no_defense
2.0,1.2424003951704523,1.2424003951704523,1.2424003951704523,1.2424003951704523,2.552275488351939,2.552275488351939,2.552275488351939,2.552275488351939,0.5418571901165161,0.5418571901165161,0.5418571901165161,0.5418571901165161,,label_flip_no_defense
3.0,1.3996705743870737,1.3996705743870737,1.3996705743870737,1.3996705743870737,2.5454921892134954,2.5454921892134954,2.5454921892134954,2.5454921892134954,0.5666559729410028,0.5666559729410028,0.5666559729410028,0.5666559729410028,,label_flip_no_defense
4.0,1.2269789211332889,1.2269789211332889,1.2269789211332889,1.2269789211332889,2.5386833542398297,2.5386833542398297,2.5386833542398297,2.5386833542398297,0.5811465439196948,0.5811465439196948,0.5811465439196948,0.5811465439196948,,label_flip_no_defense
5.0,1.2414672783446254,1.2414672783446254,1.2414672783446254,1.2414672783446254,2.5477370649105238,2.5477370649105238,2.5477370649105238,2.5477370649105238,0.5708619583408682,0.5708619583408682,0.5708619583408682,0.5708619583408682,,label_flip_no_defense
6.0,1.473760443229616,1.473760443229616,1.473760443229616,1.473760443229616,2.533481575611416,2.533481575611416,2.533481575611416,2.533481575611416,0.57529241393177,0.57529241393177,0.57529241393177,0.57529241393177,,label_flip_no_defense
7.0,1.263163198152322,1.263163198152322,1.263163198152322,1.263163198152322,2.5369512157757814,2.5369512157757814,2.5369512157757814,2.5369512157757814,0.5582332715061936,0.5582332715061936,0.5582332715061936,0.5582332715061936,,label_flip_no_defense
8.0,1.2837982753554833,1.2837982753554833,1.2837982753554833,1.2837982753554833,2.544213858504672,2.544213858504672,2.544213858504672,2.544213858504672,0.605838998523227,0.605838998523227,0.605838998523227,0.605838998523227,,label_flip_no_defense
9.0,1.2442694193859405,1.2442694193859405,1.2442694193859405,1.2442694193859405,2.553625720992853,2.553625720992853,2.553625720992853,2.553625720992853,0.6525756550793173,0.6525756550793173,0.6525756550793173,0.6525756550793173,,label_flip_no_defense
10.0,1.238209655418844,1.238209655418844,1.238209655418844,1.238209655418844,2.534818828151981,2.534818828151981,2.534818828151981,2.534818828151981,0.6187498148342299,0.6187498148342299,0.6187498148342299,0.6187498148342299,,label_flip_no_defense
11.0,1.3115689567284738,1.3115689567284738,1.3115689567284738,1.3115689567284738,2.516026011041183,2.516026011041183,2.516026011041183,2.516026011041183,0.6115951206406227,0.6115951206406227,0.6115951206406227,0.6115951206406227,,label_flip_no_defense
12.0,1.2198491054027432,1.2198491054027432,1.2198491054027432,1.2198491054027432,2.546847269427979,2.546847269427979,2.546847269427979,2.546847269427979,0.6000183974986996,0.6000183974986996,0.6000183974986996,0.6000183974986996,,label_flip_no_defense
13.0,1.319359684200312,1.319359684200312,1.319359684200312,1.319359684200312,2.526817009306055,2.526817009306055,2.526817009306055,2.526817009306055,0.6014239922753544,0.6014239922753544,0.6014239922753544,0.6014239922753544,,label_flip_no_defense
14.0,1.3408948095509667,1.3408948095509667,1.3408948095509667,1.3408948095509667,2.5403319009991945,2.5403319009991945,2.5403319009991945,2.5403319009991945,0.6397019625975328,0.6397019625975328,0.6397019625975328,0.6397019625975328,,label_flip_no_defense
15.0,1.2435830508466963,1.2435830508466963,1.2435830508466963,1.2435830508466963,2.529079084703751,2.529079084703751,2.529079084703751,2.529079084703751,0.5947519556897701,0.5947519556897701,0.5947519556897701,0.5947519556897701,,label_flip_no_defense
16.0,1.1905777821883712,1.1905777821883712,1.1905777821883712,1.1905777821883712,2.522834979749465,2.522834979749465,2.522834979749465,2.522834979749465,0.6402032957219944,0.6402032957219944,0.6402032957219944,0.6402032957219944,,label_flip_no_defense
17.0,1.1989751966098658,1.1989751966098658,1.1989751966098658,1.1989751966098658,2.518495845957818,2.518495845957818,2.518495845957818,2.518495845957818,0.6641286368253425,0.6641286368253425,0.6641286368253425,0.6641286368253425,,label_flip_no_defense
18.0,1.266759990101635,1.266759990101635,1.266759990101635,1.266759990101635,2.547803247416968,2.547803247416968,2.547803247416968,2.547803247416968,0.6619660734429477,0.6619660734429477,0.6619660734429477,0.6619660734429477,,label_flip_no_defense
19.0,1.315244725752826,1.315244725752826,1.315244725752826,1.315244725752826,2.5307156251142837,2.5307156251142837,2.5307156251142837,2.5307156251142837,0.631792576995642,0.631792576995642,0.631792576995642,0.631792576995642,,label_flip_no_defense
20.0,1.2319871960355022,1.2319871960355022,1.2319871960355022,1.2319871960355022,2.530734534009965,2.530734534009965,2.530734534009965,2.530734534009965,0.6610297858118265,0.6610297858118265,0.6610297858118265,0.6610297858118265,,label_flip_no_defense
1.0,1.2987603522689362,1.2987603522689362,1.2987603522689362,1.2987603522689362,0.3721669455156975,0.3721669455156975,0.3721669455156975,0.3721669455156975,0.6545429326863158,0.6545429326863158,0.6545429326863158,0.6545429326863158,,normal_fl
2.0,1.2455564953400426,1.2455564953400426,1.2455564953400426,1.2455564953400426,0.3512155616966109,0.3512155616966109,0.3512155616966109,0.3512155616966109,0.6041072378915641,0.6041072378915641,0.6041072378915641,0.6041072378915641,,normal_fl
3.0,1.3818154222714485,1.3818154222714485,1.3818154222714485,1.3818154222714485,0.3562617361828374,0.3562617361828374,0.3562617361828374,0.3562617361828374,0.5757543478755784,0.5757543478755784,0.5757543478755784,0.5757543478755784,,normal_fl
4.0,1.2214357202681518,1.2214357202681518,1.2214357202681518,1.2214357202681518,0.3729978003173677,0.3729978003173677,0.3729978003173677,0.3729978003173677,0.5877828082320191,0.5877828082320191,0.5877828082320191,0.5877828082320191,,normal_fl
5.0,1.2468073676290543,1.2468073676290543,1.2468073676290543,1.2468073676290543,0.3544990150601042,0.3544990150601042,0.3544990150601042,0.3544990150601042,0.5591164113493229,0.5591164113493229,0.5591164113493229,0.5591164113493229,,normal_fl
6.0,1.4412220493784702,1.4412220493784702,1.4412220493784702,1.4412220493784702,0.3823844880167178,0.3823844880167178,0.3823844880167178,0.3823844880167178,0.5712660944327874,0.5712660944327874,0.5712660944327874,0.5712660944327874,,normal_fl
7.0,1.2398967246690566,1.2398967246690566,1.2398967246690566,1.2398967246690566,0.4036279088372737,0.4036279088372737,0.4036279088372737,0.4036279088372737,0.5726922839530774,0.5726922839530774,0.5726922839530774,0.5726922839530774,,normal_fl
8.0,1.2309135721949007,1.2309135721949007,1.2309135721949007,1.2309135721949007,0.4049764765636232,0.4049764765636232,0.4049764765636232,0.4049764765636232,0.6203870356550285,0.6203870356550285,0.6203870356550285,0.6203870356550285,,normal_fl
9.0,1.23306055209212,1.23306055209212,1.23306055209212,1.23306055209212,0.4246968580557295,0.4246968580557295,0.4246968580557295,0.4246968580557295,0.6512582056103169,0.6512582056103169,0.6512582056103169,0.6512582056103169,,normal_fl
10.0,1.1768894340332126,1.1768894340332126,1.1768894340332126,1.1768894340332126,0.4228113301867146,0.4228113301867146,0.4228113301867146,0.4228113301867146,0.6220453428926738,0.6220453428926738,0.6220453428926738,0.6220453428926738,,normal_fl
11.0,1.285931134532279,1.285931134532279,1.285931134532279,1.285931134532279,0.415916085717591,0.415916085717591,0.415916085717591,0.415916085717591,0.6262613715988753,0.6262613715988753,0.6262613715988753,0.6262613715988753,,normal_fl
12.0,1.216690204942371,1.216690204942371,1.216690204942371,1.216690204942371,0.4225094092479002,0.4225094092479002,0.4225094092479002,0.4225094092479002,0.6416655932915051,0.6416655932915051,0.6416655932915051,0.6416655932915051,,normal_fl
13.0,1.2415143881005133,1.2415143881005133,1.2415143881005133,1.2415143881005133,0.4327926261514902,0.4327926261514902,0.4327926261514902,0.4327926261514902,0.6079054194815444,0.6079054194815444,0.6079054194815444,0.6079054194815444,,normal_fl
14.0,1.3147948987689306,1.3147948987689306,1.3147948987689306,1.3147948987689306,0.4409278198091695,0.4409278198091695,0.4409278198091695,0.4409278198091695,0.6292694548674747,0.6292694548674747,0.6292694548674747,0.6292694548674747,,normal_fl
15.0,1.2410774998900789,1.2410774998900789,1.2410774998900789,1.2410774998900789,0.450830256271389,0.450830256271389,0.450830256271389,0.450830256271389,0.5963088101045328,0.5963088101045328,0.5963088101045328,0.5963088101045328,,normal_fl
16.0,1.1999169017102735,1.1999169017102735,1.1999169017102735,1.1999169017102735,0.4565814848101642,0.4565814848101642,0.4565814848101642,0.4565814848101642,0.6569129926387476,0.6569129926387476,0.6569129926387476,0.6569129926387476,,normal_fl
17.0,1.3227023901558796,1.3227023901558796,1.3227023901558796,1.3227023901558796,0.4442473783770188,0.4442473783770188,0.4442473783770188,0.4442473783770188,0.6707560760493937,0.6707560760493937,0.6707560760493937,0.6707560760493937,,normal_fl
18.0,1.2546514574758962,1.2546514574758962,1.2546514574758962,1.2546514574758962,0.4563743596467735,0.4563743596467735,0.4563743596467735,0.4563743596467735,0.6493212846490822,0.6493212846490822,0.6493212846490822,0.6493212846490822,,normal_fl
19.0,1.3052491103965298,1.3052491103965298,1.3052491103965298,1.3052491103965298,0.4512914848608809,0.4512914848608809,0.4512914848608809,0.4512914848608809,0.6375881374002507,0.6375881374002507,0.6375881374002507,0.6375881374002507,,normal_fl
20.0,1.3272026900387637,1.3272026900387637,1.3272026900387637,1.3272026900387637,0.4622994425674628,0.4622994425674628,0.4622994425674628,0.4622994425674628,0.6737177504018317,0.6737177504018317,0.6737177504018317,0.6737177504018317,,normal_fl
1.0,1.2987603522689362,0.9999999994179234,1.2987603522689362,0.9999999994179234,1.8608346475033413,1.000000013911631,1.8608346475033413,1.000000013911631,0.6545429326863158,0.6545429326863158,0.6545429326863158,0.6545429326863158,w3,scale_defended
2.0,1.2483795455622604,1.000000009604264,1.2483795455622604,1.000000009604264,1.8852876483829084,1.000000034924596,1.8852876483829084,1.000000034924596,0.5560510394126523,0.5560510394126523,0.5560510394126523,0.5560510394126523,w3,scale_defended
3.0,1.386441606628242,1.0000000166473908,1.386441606628242,1.0000000166473908,1.874263013041856,0.9999999630963424,1.874263013041856,0.9999999630963424,0.5532918034172943,0.5532918034172943,0.5532918034172943,0.5532918034172943,w3,scale_defended
4.0,1.227405024038132,1.0000000176078172,1.227405024038132,1.0000000176078172,2.007644050787494,1.0000000189465934,2.007644050787494,1.0000000189465934,0.5660841977619119,0.5660841977619119,0.5660841977619119,0.5660841977619119,w3,scale_defended
5.0,1.2963308147636177,1.0000000090221874,1.2963308147636177,1.0000000090221874,2.013272615185888,1.0000000209547577,2.013272615185888,1.0000000209547577,0.5299379863897726,0.5299379863897726,0.5299379863897726,0.5299379863897726,w3,scale_defended
6.0,1.217151168728174,1.0000000210566211,1.217151168728174,1.0000000210566211,2.1495325009556083,0.9999999983803604,2.1495325009556083,0.9999999983803604,0.5402913065318322,0.5402913065318322,0.5402913065318322,0.5402913065318322,w3,scale_defended
7.0,1.137896019423435,1.0000000271829772,1.137896019423435,1.0000000271829772,2.183746495901194,0.9999999544816082,2.183746495901194,0.9999999544816082,0.5575562811706761,0.5575562811706761,0.5575562811706761,0.5575562811706761,w3,scale_defended
8.0,1.244730491264797,0.999999959691194,1.244730491264797,0.999999959691194,2.2470302475118213,1.0000000520376475,2.2470302475118213,1.0000000520376475,0.5490633833744731,0.5490633833744731,0.5490633833744731,0.5490633833744731,w3,scale_defended
9.0,1.2460089360569488,0.9999999892024788,1.2460089360569488,0.9999999892024788,2.348240720046374,0.9999999341089256,2.348240720046374,0.9999999341089256,0.5549565431385778,0.5549565431385778,0.5549565431385778,0.5549565431385778,w1,scale_defended
10.0,1.277246369797086,1.0000000189793352,1.277246369797086,1.0000000189793352,1.9604479574767129,0.9999999262363388,1.9604479574767129,0.9999999262363388,0.5371420196344577,0.5371420196344577,0.5371420196344577,0.5371420196344577,w3,scale_defended
11.0,1.3281541305960387,0.9999999817227944,1.3281541305960387,0.9999999817227944,1.9956975460161173,1.0000000002328306,1.9956975460161173,1.0000000002328306,0.6270580682402953,0.6270580682402953,0.6270580682402953,0.6270580682402953,w3,scale_defended
12.0,1.2417320061454569,1.000000082873154,1.2417320061454569,1.000000082873154,2.124785449043222,0.9999999415595068,2.124785449043222,0.9999999415595068,0.5206383162214567,0.5206383162214567,0.5206383162214567,0.5206383162214567,w3,scale_defended
13.0,1.2643253247339687,0.999999965220922,1.2643253247339687,0.999999965220922,2.224000171416315,0.999999989318894,2.224000171416315,0.999999989318894,0.5484097012182753,0.5484097012182753,0.5484097012182753,0.5484097012182753,w1,scale_defended
14.0,1.354737137089438,0.9999999975552782,1.354737137089438,0.9999999975552782,1.8503617812080488,0.9999999651627144,1.8503617812080488,0.9999999651627144,0.5564035811270865,0.5564035811270865,0.5564035811270865,0.5564035811270865,w3,scale_defended
15.0,1.2788682150410793,0.999999982464942,1.2788682150410793,0.999999982464942,2.012201784877329,1.0000000547151997,2.012201784877329,1.0000000547151997,0.514949986106483,0.514949986106483,0.514949986106483,0.514949986106483,w3,scale_defended
16.0,1.2353668091798098,1.0000000081490723,1.2353668091798098,1.0000000081490723,2.0917681389080585,0.9999999452847972,2.0917681389080585,0.9999999452847972,0.5829742377444203,0.5829742377444203,0.5829742377444203,0.5829742377444203,w3,scale_defended
17.0,1.354738372490805,0.999999958468833,1.354738372490805,0.999999958468833,2.151241282464148,0.9999999987776392,2.151241282464148,0.9999999987776392,0.5864079572051696,0.5864079572051696,0.5864079572051696,0.5864079572051696,w3,scale_defended
18.0,1.28249803058198,1.0000000375875964,1.28249803058198,1.0000000375875964,2.2790325121309323,1.0000000471518422,2.2790325121309323,1.0000000471518422,0.5984140490296987,0.5984140490296987,0.5984140490296987,0.5984140490296987,w3,scale_defended
19.0,1.3332592219030763,0.9999999730061968,1.3332592219030763,0.9999999730061968,2.2829559492593416,1.0000000384170555,2.2829559492593416,1.0000000384170555,0.5631418217805104,0.5631418217805104,0.5631418217805104,0.5631418217805104,w1,scale_defended
20.0,1.3702765931011058,0.9999999555875536,1.3702765931011058,0.9999999555875536,2.056065534709324,0.9999999991850927,2.056065534709324,0.9999999991850927,0.6001596990121345,0.6001596990121345,0.6001596990121345,0.6001596990121345,w3,scale_defended
1.0,1.3608145600246682,1.3608145600246682,1.3608145600246682,1.3608145600246682,1.8608346475033413,1.8608346475033413,1.8608346475033413,1.8608346475033413,0.6297003469922515,0.6297003469922515,0.6297003469922515,0.6297003469922515,,scale_no_defense
2.0,1.3947552346987184,1.3947552346987184,1.3947552346987184,1.3947552346987184,1.5681963375047097,1.5681963375047097,1.5681963375047097,1.5681963375047097,0.5586153070314165,0.5586153070314165,0.5586153070314165,0.5586153070314165,,scale_no_defense
3.0,1.3188510339819737,1.3188510339819737,1.3188510339819737,1.3188510339819737,1.4833990290979846,1.4833990290979846,1.4833990290979846,1.4833990290979846,0.5978818357050554,0.5978818357050554,0.5978818357050554,0.5978818357050554,,scale_no_defense
4.0,1.4094433024891555,1.4094433024891555,1.4094433024891555,1.4094433024891555,1.4687857675826108,1.4687857675826108,1.4687857675826108,1.4687857675826108,0.6194630367787703,0.6194630367787703,0.6194630367787703,0.6194630367787703,,scale_no_defense
5.0,1.3002336316549092,1.3002336316549092,1.3002336316549092,1.3002336316549092,1.369817938792016,1.369817938792016,1.369817938792016,1.369817938792016,0.5829949772422698,0.5829949772422698,0.5829949772422698,0.5829949772422698,,scale_no_defense
6.0,1.4596815037795288,1.4596815037795288,1.4596815037795288,1.4596815037795288,1.3742254555029212,1.3742254555029212,1.3742254555029212,1.3742254555029212,0.6139304156173504,0.6139304156173504,0.6139304156173504,0.6139304156173504,,scale_no_defense
7.0,1.1504168763721525,1.1504168763721525,1.1504168763721525,1.1504168763721525,1.397652436643551,1.397652436643551,1.397652436643551,1.397652436643551,0.6229585011096105,0.6229585011096105,0.6229585011096105,0.6229585011096105,,scale_no_defense
8.0,1.257576984881564,1.257576984881564,1.257576984881564,1.257576984881564,1.3917919810627886,1.3917919810627886,1.3917919810627886,1.3917919810627886,0.6360801913751993,0.6360801913751993,0.6360801913751993,0.6360801913751993,,scale_no_defense
9.0,1.2638623726090172,1.2638623726090172,1.2638623726090172,1.2638623726090172,1.3674624544638103,1.3674624544638103,1.3674624544638103,1.3674624544638103,0.607862099506,0.607862099506,0.607862099506,0.607862099506,,scale_no_defense
10.0,1.216012893212476,1.216012893212476,1.216012893212476,1.216012893212476,1.4243087030848731,1.4243087030848731,1.4243087030848731,1.4243087030848731,0.6530896265351868,0.6530896265351868,0.6530896265351868,0.6530896265351868,,scale_no_defense
11.0,1.314907060157613,1.314907060157613,1.314907060157613,1.314907060157613,1.315421344062269,1.315421344062269,1.315421344062269,1.315421344062269,0.6419449258304853,0.6419449258304853,0.6419449258304853,0.6419449258304853,,scale_no_defense
12.0,1.260960459715022,1.260960459715022,1.260960459715022,1.260960459715022,1.475971190172231,1.475971190172231,1.475971190172231,1.475971190172231,0.6162383930571523,0.6162383930571523,0.6162383930571523,0.6162383930571523,,scale_no_defense
13.0,1.3366545016126523,1.3366545016126523,1.3366545016126523,1.3366545016126523,1.378250311865478,1.378250311865478,1.378250311865478,1.378250311865478,0.6086506652715549,0.6086506652715549,0.6086506652715549,0.6086506652715549,,scale_no_defense
14.0,1.222994567061553,1.222994567061553,1.222994567061553,1.222994567061553,1.4758355165914108,1.4758355165914108,1.4758355165914108,1.4758355165914108,0.6520860176337372,0.6520860176337372,0.6520860176337372,0.6520860176337372,,scale_no_defense
15.0,1.280620991746668,1.280620991746668,1.280620991746668,1.280620991746668,1.4310643158621683,1.4310643158621683,1.4310643158621683,1.4310643158621683,0.5965074998092006,0.5965074998092006,0.5965074998092006,0.5965074998092006,,scale_no_defense
16.0,1.2319971933000369,1.2319971933000369,1.2319971933000369,1.2319971933000369,1.456806635474045,1.456806635474045,1.456806635474045,1.456806635474045,0.65713941507471,0.65713941507471,0.65713941507471,0.65713941507471,,scale_no_defense
17.0,1.2357865493131803,1.2357865493131803,1.2357865493131803,1.2357865493131803,1.3386588030097024,1.3386588030097024,1.3386588030097024,1.3386588030097024,0.6640951995301889,0.6640951995301889,0.6640951995301889,0.6640951995301889,,scale_no_defense
18.0,1.3086231493382996,1.3086231493382996,1.3086231493382996,1.3086231493382996,1.4814967286489114,1.4814967286489114,1.4814967286489114,1.4814967286489114,0.6468095363030357,0.6468095363030357,0.6468095363030357,0.6468095363030357,,scale_no_defense
19.0,1.3402263913709689,1.3402263913709689,1.3402263913709689,1.3402263913709689,1.3233940952281245,1.3233940952281245,1.3233940952281245,1.3233940952281245,0.6307082809989456,0.6307082809989456,0.6307082809989456,0.6307082809989456,,scale_no_defense
20.0,1.37152825776694,1.37152825776694,1.37152825776694,1.37152825776694,1.4664778980849338,1.4664778980849338,1.4664778980849338,1.4664778980849338,0.6826769538948019,0.6826769538948019,0.6826769538948019,0.6826769538948019,,scale_no_defense
1.0,1.2987603522689362,0.9999999994179234,1.2987603522689362,0.9999999994179234,1.8176561858793747,0.9999999901540376,1.8176561858793747,0.9999999901540376,0.6297003469922515,0.6297003469922515,0.6297003469922515,0.6297003469922515,w3,sign_flip_defended
2.0,1.400183140491876,0.9999999711872074,1.400183140491876,0.9999999711872074,1.811154075969998,0.999999971943907,1.811154075969998,0.999999971943907,0.5554243302956321,0.5554243302956321,0.5554243302956321,0.5554243302956321,w3,sign_flip_defended
3.0,1.3849336608531526,1.0000000304426062,1.3849336608531526,1.0000000304426062,1.8394499085639815,0.9999999654828564,1.8394499085639815,0.9999999654828564,0.5490816697474666,0.5490816697474666,0.5490816697474666,0.5490816697474666,w3,sign_flip_defended
4.0,1.4133369092599926,1.0000000610598343,1.4133369092599926,1.0000000610598343,2.0089988294139305,0.9999999493593336,2.0089988294139305,0.9999999493593336,0.5885487934939687,0.5885487934939687,0.5885487934939687,0.5885487934939687,w3,sign_flip_defended
5.0,1.2971630815960864,0.999999963503796,1.2971630815960864,0.999999963503796,1.991309041931512,1.000000049709341,1.991309041931512,1.000000049709341,0.5260325215650469,0.5260325215650469,0.5260325215650469,0.5260325215650469,w3,sign_flip_defended
6.0,1.2152277794043644,1.0000000317668305,1.2152277794043644,1.0000000317668305,2.173115966587436,1.0000000032378011,2.173115966587436,1.0000000032378011,0.5521523200142071,0.5521523200142071,0.5521523200142071,0.5521523200142071,w3,sign_flip_defended
7.0,1.2502915675638029,1.0000000384752632,1.2502915675638029,1.0000000384752632,2.179390399093256,0.9999999763676892,2.179390399093256,0.9999999763676892,0.5333459225920678,0.5333459225920678,0.5333459225920678,0.5333459225920678,w3,sign_flip_defended
8.0,1.2414749334514226,1.0000000191357683,1.2414749334514226,1.0000000191357683,2.237662373139426,0.9999999673309498,2.237662373139426,0.9999999673309498,0.5571845327987736,0.5571845327987736,0.5571845327987736,0.5571845327987736,w3,sign_flip_defended
9.0,1.243489395225013,1.0000000076834112,1.243489395225013,1.0000000076834112,2.3717001450060087,0.9999999837891664,2.3717001450060087,0.9999999837891664,0.611469926654254,0.611469926654254,0.611469926654254,0.611469926654254,w3,sign_flip_defended
10.0,1.2536443246041449,1.0000000067229848,1.2536443246041449,1.0000000067229848,2.364041543170076,1.0000000385916783,2.364041543170076,1.0000000385916783,0.5523296699493854,0.5523296699493854,0.5523296699493854,0.5523296699493854,w3,sign_flip_defended
11.0,1.308993904072468,1.0000000042055035,1.308993904072468,1.0000000042055035,2.402848241333138,1.000000003550667,2.402848241333138,1.000000003550667,0.580216151255252,0.580216151255252,0.580216151255252,0.580216151255252,w3,sign_flip_defended
12.0,1.2258157572093036,0.9999999777210176,1.2258157572093036,0.9999999777210176,2.402844364450109,1.0000000125728548,2.402844364450109,1.0000000125728548,0.5948906195676877,0.5948906195676877,0.5948906195676877,0.5948906195676877,w3,sign_flip_defended
13.0,1.3173439212649325,1.0000000902655262,1.3173439212649325,1.0000000902655262,2.4898147192005577,0.999999929539624,2.4898147192005577,0.999999929539624,0.5640135139642083,0.5640135139642083,0.5640135139642083,0.5640135139642083,w3,sign_flip_defended
14.0,1.1889275219912874,0.9999999250867376,1.1889275219912874,0.9999999250867376,2.510276160654444,1.0000000125728548,2.510276160654444,1.0000000125728548,0.5505398668560575,0.5505398668560575,0.5505398668560575,0.5505398668560575,w3,sign_flip_defended
15.0,1.2461909962049145,1.000000063853802,1.2461909962049145,1.000000063853802,2.572514099105859,0.9999999799765644,2.572514099105859,0.9999999799765644,0.5488033822042229,0.5488033822042229,0.5488033822042229,0.5488033822042229,w3,sign_flip_defended
16.0,1.2118273505855557,1.0000000913278158,1.2118273505855557,1.0000000913278158,2.595801829491456,1.0000000518630243,2.595801829491456,1.0000000518630243,0.6109173467884114,0.6109173467884114,0.6109173467884114,0.6109173467884114,w3,sign_flip_defended
17.0,1.339486743643682,1.0000000473810349,1.339486743643682,1.0000000473810349,2.561779028916822,0.9999999973806551,2.561779028916822,0.9999999973806551,0.6288377579420273,0.6288377579420273,0.6288377579420273,0.6288377579420273,w3,sign_flip_defended
18.0,1.2661564371736551,1.0000000236032065,1.2661564371736551,1.0000000236032065,2.624302579841705,0.9999999995343388,2.624302579841705,0.9999999995343388,0.6018868501226133,0.6018868501226133,0.6018868501226133,0.6018868501226133,w3,sign_flip_defended
19.0,1.3407337803903252,0.999999990366632,1.3407337803903252,0.999999990366632,2.6225411493178967,1.0000000497675487,2.6225411493178967,1.0000000497675487,0.5856132890371846,0.5856132890371846,0.5856132890371846,0.5856132890371846,w3,sign_flip_defended
20.0,1.2488117518640331,1.000000018335413,1.2488117518640331,1.000000018335413,2.684188344052972,1.000000019208528,2.684188344052972,1.000000019208528,0.5917569938211193,0.5917569938211193,0.5917569938211193,0.5917569938211193,w3,sign_flip_defended
1.0,1.2987603522689362,1.2987603522689362,1.2987603522689362,1.2987603522689362,1.8176561858793747,1.8176561858793747,1.8176561858793747,1.8176561858793747,0.6297003469922515,0.6297003469922515,0.6297003469922515,0.6297003469922515,,sign_flip_no_defense
2.0,1.2534704224333184,1.2534704224333184,1.2534704224333184,1.2534704224333184,2.107382345370208,2.107382345370208,2.107382345370208,2.107382345370208,0.6199418248240165,0.6199418248240165,0.6199418248240165,0.6199418248240165,,sign_flip_no_defense
3.0,1.3235541869276333,1.3235541869276333,1.3235541869276333,1.3235541869276333,2.471096325767307,2.471096325767307,2.471096325767307,2.471096325767307,0.5875707204521468,0.5875707204521468,0.5875707204521468,0.5875707204521468,,sign_flip_no_defense
4.0,1.4230005088386015,1.4230005088386015,1.4230005088386015,1.4230005088386015,2.8475372950409747,2.8475372950409747,2.8475372950409747,2.8475372950409747,0.6379185500974125,0.6379185500974125,0.6379185500974125,0.6379185500974125,,sign_flip_no_defense
5.0,1.2536128453248518,1.2536128453248518,1.2536128453248518,1.2536128453248518,3.258113179407679,3.258113179407679,3.258113179407679,3.258113179407679,0.7049148284945596,0.7049148284945596,0.7049148284945596,0.7049148284945596,,sign_flip_no_defense
6.0,1.2215794985136,1.2215794985136,1.2215794985136,1.2215794985136,3.771337610013573,3.771337610013573,3.771337610013573,3.771337610013573,0.6730270667255294,0.6730270667255294,0.6730270667255294,0.6730270667255294,,sign_flip_no_defense
7.0,1.279140528013887,1.279140528013887,1.279140528013887,1.279140528013887,4.149947347867125,4.149947347867125,4.149947347867125,4.149947347867125,0.7794951653310146,0.7794951653310146,0.7794951653310146,0.7794951653310146,,sign_flip_no_defense
8.0,1.30520862747802,1.30520862747802,1.30520862747802,1.30520862747802,4.533801422674176,4.533801422674176,4.533801422674176,4.533801422674176,0.8594158195424588,0.8594158195424588,0.8594158195424588,0.8594158195424588,,sign_flip_no_defense
9.0,1.2868558188195105,1.2868558188195105,1.2868558188195105,1.2868558188195105,5.044868935644351,5.044868935644351,5.044868935644351,5.044868935644351,0.9161999360454552,0.9161999360454552,0.9161999360454552,0.9161999360454552,,sign_flip_no_defense
10.0,1.215461592245548,1.215461592245548,1.215461592245548,1.215461592245548,5.388321212857084,5.388321212857084,5.388321212857084,5.388321212857084,0.9734386568077892,0.9734386568077892,0.9734386568077892,0.9734386568077892,,sign_flip_no_defense
11.0,1.317917332892783,1.317917332892783,1.317917332892783,1.317917332892783,5.796970227839727,5.796970227839727,5.796970227839727,5.796970227839727,1.007680422238173,1.007680422238173,1.007680422238173,1.007680422238173,,sign_flip_no_defense
12.0,1.3805938840475005,1.3805938840475005,1.3805938840475005,1.3805938840475005,6.154823108814833,6.154823108814833,6.154823108814833,6.154823108814833,1.1167052802157806,1.1167052802157806,1.1167052802157806,1.1167052802157806,,sign_flip_no_defense
13.0,1.3133351303022132,1.3133351303022132,1.3133351303022132,1.3133351303022132,6.49827331753816,6.49827331753816,6.49827331753816,6.49827331753816,1.1557113481769423,1.1557113481769423,1.1557113481769423,1.1557113481769423,,sign_flip_no_defense
14.0,1.1871485205670351,1.1871485205670351,1.1871485205670351,1.1871485205670351,6.779145617433806,6.779145617433806,6.779145617433806,6.779145617433806,1.219775578389757,1.219775578389757,1.219775578389757,1.219775578389757,,sign_flip_no_defense
15.0,1.204611442134159,1.204611442134159,1.204611442134159,1.204611442134159,6.890600515828132,6.890600515828132,6.890600515828132,6.890600515828132,1.2975752961998794,1.2975752961998794,1.2975752961998794,1.2975752961998794,,sign_flip_no_defense
16.0,1.1852136611863429,1.1852136611863429,1.1852136611863429,1.1852136611863429,7.062780362024825,7.062780362024825,7.062780362024825,7.062780362024825,1.327323212950256,1.327323212950256,1.327323212950256,1.327323212950256,,sign_flip_no_defense
17.0,1.2341851378144082,1.2341851378144082,1.2341851378144082,1.2341851378144082,7.344562615420033,7.344562615420033,7.344562615420033,7.344562615420033,1.3485704058130648,1.3485704058130648,1.3485704058130648,1.3485704058130648,,sign_flip_no_defense
18.0,1.2820168677435124,1.2820168677435124,1.2820168677435124,1.2820168677435124,7.273387855499674,7.273387855499674,7.273387855499674,7.273387855499674,1.408823775976095,1.408823775976095,1.408823775976095,1.408823775976095,,sign_flip_no_defense
19.0,1.273017805363965,1.273017805363965,1.273017805363965,1.273017805363965,7.321328120173876,7.321328120173876,7.321328120173876,7.321328120173876,1.390988639906164,1.390988639906164,1.390988639906164,1.390988639906164,,sign_flip_no_defense
20.0,1.269635128759777,1.269635128759777,1.269635128759777,1.269635128759777,7.394780746740638,7.394780746740638,7.394780746740638,7.394780746740638,1.4406248574660223,1.4406248574660223,1.4406248574660223,1.4406248574660223,,sign_flip_no_defense
