round,num_clients,w2_update_norm,w2_clipped_norm,w2_grad_norm_before,w2_grad_norm_after,w2_clip_threshold,w2_noise_multiplier,w2_noise_scale,w2_is_malicious,w2_attack_strength,w1_update_norm,w1_clipped_norm,w1_grad_norm_before,w1_grad_norm_after,w1_clip_threshold,w1_noise_multiplier,w1_noise_scale,w1_is_malicious,w1_attack_strength,w3_update_norm,w3_clipped_norm,w3_grad_norm_before,w3_grad_norm_after,w3_clip_threshold,w3_noise_multiplier,w3_noise_scale,w3_is_malicious,w3_attack_strength,w2_agg_score,w2_selected,w1_agg_score,w1_selected,w3_agg_score,w3_selected,rejected_clients
1.0,3.0,0.3347889014685629,0.3347889014685629,0.3347889014685629,0.3347889014685629,0.0,0.0,0.0,0.0,0.0,0.3015277117570193,0.3015277117570193,0.3015277117570193,0.3015277117570193,0.0,0.0,0.0,0.0,0.0,1.5441439379281132,1.5441439379281132,1.5441439379281132,1.5441439379281132,0.0,0.0,0.0,1.0,5.0,0.3499156133083124,1.0,0.44948010716519726,1.0,0.20060427952649035,1.0,
2.0,3.0,0.364396401238887,0.364396401238887,0.364396401238887,0.364396401238887,0.0,0.0,0.0,0.0,0.0,0.34038798814240995,0.34038798814240995,0.34038798814240995,0.34038798814240995,0.0,0.0,0.0,0.0,0.0,1.8619298669011652,1.8619298669011652,1.8619298669011652,1.8619298669011652,0.0,0.0,0.0,1.0,5.0,0.3499156133083124,1.0,0.44948010716519726,1.0,0.20060427952649035,1.0,
3.0,3.0,0.4221007837878851,0.4221007837878851,0.4221007837878851,0.4221007837878851,0.0,0.0,0.0,0.0,0.0,0.40313206018920783,0.40313206018920783,0.40313206018920783,0.40313206018920783,0.0,0.0,0.0,0.0,0.0,2.1395645734542765,2.1395645734542765,2.1395645734542765,2.1395645734542765,0.0,0.0,0.0,1.0,5.0,0.3499156133083124,1.0,0.44948010716519726,1.0,0.20060427952649035,1.0,
4.0,3.0,0.5032697625027595,0.5032697625027595,0.5032697625027595,0.5032697625027595,0.0,0.0,0.0,0.0,0.0,0.38827122772741,0.38827122772741,0.38827122772741,0.38827122772741,0.0,0.0,0.0,0.0,0.0,2.4387424447784825,2.4387424447784825,2.4387424447784825,2.4387424447784825,0.0,0.0,0.0,1.0,5.0,0.3499156133083124,1.0,0.44948010716519726,1.0,0.20060427952649035,1.0,
5.0,3.0,0.5447771455299372,0.5447771455299372,0.5447771455299372,0.5447771455299372,0.0,0.0,0.0,0.0,0.0,0.40586279248303186,0.40586279248303186,0.40586279248303186,0.40586279248303186,0.0,0.0,0.0,0.0,0.0,2.651412499815129,2.651412499815129,2.651412499815129,2.651412499815129,0.0,0.0,0.0,1.0,5.0,0.3499156133083124,1.0,0.44948010716519726,1.0,0.20060427952649035,1.0,
6.0,3.0,0.49311330505758194,0.49311330505758194,0.49311330505758194,0.49311330505758194,0.0,0.0,0.0,0.0,0.0,0.4796903199903558,0.4796903199903558,0.4796903199903558,0.4796903199903558,0.0,0.0,0.0,0.0,0.0,2.991993536775475,2.991993536775475,2.991993536775475,2.991993536775475,0.0,0.0,0.0,1.0,5.0,0.3499156133083124,1.0,0.44948010716519726,1.0,0.20060427952649035,1.0,
7.0,3.0,0.6141032250321615,0.6141032250321615,0.6141032250321615,0.6141032250321615,0.0,0.0,0.0,0.0,0.0,0.4327642395922245,0.4327642395922245,0.4327642395922245,0.4327642395922245,0.0,0.0,0.0,0.0,0.0,2.926382372313332,2.926382372313332,2.926382372313332,2.926382372313332,0.0,0.0,0.0,1.0,5.0,0.3499156133083124,1.0,0.44948010716519726,1.0,0.20060427952649035,1.0,
8.0,3.0,0.5858190822149622,0.5858190822149622,0.5858190822149622,0.5858190822149622,0.0,0.0,0.0,0.0,0.0,0.5481881728470172,0.5481881728470172,0.5481881728470172,0.5481881728470172,0.0,0.0,0.0,0.0,0.0,3.0178125037368786,3.0178125037368786,3.0178125037368786,3.0178125037368786,0.0,0.0,0.0,1.0,5.0,0.3499156133083124,1.0,0.44948010716519726,1.0,0.20060427952649035,1.0,
9.0,3.0,0.6703669102744977,0.6703669102744977,0.6703669102744977,0.6703669102744977,0.0,0.0,0.0,0.0,0.0,0.4591455247713976,0.4591455247713976,0.4591455247713976,0.4591455247713976,0.0,0.0,0.0,0.0,0.0,2.5545962547782652,2.5545962547782652,2.5545962547782652,2.5545962547782652,0.0,0.0,0.0,1.0,5.0,0.3499156133083124,1.0,0.44948010716519726,1.0,0.20060427952649035,1.0,
10.0,3.0,0.6148457071498563,0.6148457071498563,0.6148457071498563,0.6148457071498563,0.0,0.0,0.0,0.0,0.0,0.6180188281852917,0.6180188281852917,0.6180188281852917,0.6180188281852917,0.0,0.0,0.0,0.0,0.0,2.699790082603767,2.699790082603767,2.699790082603767,2.699790082603767,0.0,0.0,0.0,1.0,5.0,0.3499156133083124,1.0,0.44948010716519726,1.0,0.20060427952649035,1.0,
11.0,3.0,0.5627757520754495,0.5627757520754495,0.5627757520754495,0.5627757520754495,0.0,0.0,0.0,0.0,0.0,0.5380186097874666,0.5380186097874666,0.5380186097874666,0.5380186097874666,0.0,0.0,0.0,0.0,0.0,2.9622781833467293,2.9622781833467293,2.9622781833467293,2.9622781833467293,0.0,0.0,0.0,1.0,5.0,0.3499156133083124,1.0,0.44948010716519726,1.0,0.20060427952649035,1.0,
12.0,3.0,0.549234456201302,0.549234456201302,0.549234456201302,0.549234456201302,0.0,0.0,0.0,0.0,0.0,0.5909053268429441,0.5909053268429441,0.5909053268429441,0.5909053268429441,0.0,0.0,0.0,0.0,0.0,2.718322692921799,2.718322692921799,2.718322692921799,2.718322692921799,0.0,0.0,0.0,1.0,5.0,0.3499156133083124,1.0,0.44948010716519726,1.0,0.20060427952649035,1.0,
13.0,3.0,0.6088586615711148,0.6088586615711148,0.6088586615711148,0.6088586615711148,0.0,0.0,0.0,0.0,0.0,0.446477333815982,0.446477333815982,0.446477333815982,0.446477333815982,0.0,0.0,0.0,0.0,0.0,2.735803051384053,2.735803051384053,2.735803051384053,2.735803051384053,0.0,0.0,0.0,1.0,5.0,0.3499156133083124,1.0,0.44948010716519726,1.0,0.20060427952649035,1.0,
14.0,3.0,0.6262847376871403,0.6262847376871403,0.6262847376871403,0.6262847376871403,0.0,0.0,0.0,0.0,0.0,0.3695225820976471,0.3695225820976471,0.3695225820976471,0.3695225820976471,0.0,0.0,0.0,0.0,0.0,2.7836324795607013,2.7836324795607013,2.7836324795607013,2.7836324795607013,0.0,0.0,0.0,1.0,5.0,0.3499156133083124,1.0,0.44948010716519726,1.0,0.20060427952649035,1.0,
15.0,3.0,0.5922505768810469,0.5922505768810469,0.5922505768810469,0.5922505768810469,0.0,0.0,0.0,0.0,0.0,0.477877532767721,0.477877532767721,0.477877532767721,0.477877532767721,0.0,0.0,0.0,0.0,0.0,2.637432646004387,2.637432646004387,2.637432646004387,2.637432646004387,0.0,0.0,0.0,1.0,5.0,0.3499156133083124,1.0,0.44948010716519726,1.0,0.20060427952649035,1.0,
16.0,3.0,0.5693089084523473,0.5693089084523473,0.5693089084523473,0.5693089084523473,0.0,0.0,0.0,0.0,0.0,0.4978322412783063,0.4978322412783063,0.4978322412783063,0.4978322412783063,0.0,0.0,0.0,0.0,0.0,2.756510167699246,2.756510167699246,2.756510167699246,2.756510167699246,0.0,0.0,0.0,1.0,5.0,0.3499156133083124,1.0,0.44948010716519726,1.0,0.20060427952649035,1.0,
17.0,3.0,0.5814312203736667,0.5814312203736667,0.5814312203736667,0.5814312203736667,0.0,0.0,0.0,0.0,0.0,0.5109206999085947,0.5109206999085947,0.5109206999085947,0.5109206999085947,0.0,0.0,0.0,0.0,0.0,3.0205554187573807,3.0205554187573807,3.0205554187573807,3.0205554187573807,0.0,0.0,0.0,1.0,5.0,0.3499156133083124,1.0,0.44948010716519726,1.0,0.20060427952649035,1.0,
18.0,3.0,0.5952923413678285,0.5952923413678285,0.5952923413678285,0.5952923413678285,0.0,0.0,0.0,0.0,0.0,0.5289842298725733,0.5289842298725733,0.5289842298725733,0.5289842298725733,0.0,0.0,0.0,0.0,0.0,2.8137289435210135,2.8137289435210135,2.8137289435210135,2.8137289435210135,0.0,0.0,0.0,1.0,5.0,0.3499156133083124,1.0,0.44948010716519726,1.0,0.20060427952649035,1.0,
19.0,3.0,0.627419279131378,0.627419279131378,0.627419279131378,0.627419279131378,0.0,0.0,0.0,0.0,0.0,0.517530851634433,0.517530851634433,0.517530851634433,0.517530851634433,0.0,0.0,0.0,0.0,0.0,2.829876831351668,2.829876831351668,2.829876831351668,2.829876831351668,0.0,0.0,0.0,1.0,5.0,0.3499156133083124,1.0,0.44948010716519726,1.0,0.20060427952649035,1.0,
20.0,3.0,0.5150314738799879,0.5150314738799879,0.5150314738799879,0.5150314738799879,0.0,0.0,0.0,0.0,0.0,0.4771475200901901,0.4771475200901901,0.4771475200901901,0.4771475200901901,0.0,0.0,0.0,0.0,0.0,2.918390404443471,2.918390404443471,2.918390404443471,2.918390404443471,0.0,0.0,0.0,1.0,5.0,0.3499156133083124,1.0,0.44948010716519726,1.0,0.20060427952649035,1.0,
